{
  "reference_size": [
    750,
    1624
  ],
  "candidate_size": [
    375,
    812
  ],
  "size_ratio": [
    0.5,
    0.5
  ],
  "pixel_mae": 0.079212,
  "ssim": 0.781703,
  "visual_score": 83.73
}